country,region,happiness_rank,happiness_score,standard_error,gdp_per_capita,social_support,healthy_life_expectancy,freedom,corruption_perception,generosity,dystopia_residual,year,whisker_low,whisker_high,continent
Switzerland,Western Europe,1,7.587,0.03411,1.39651,1.34951,0.94143,0.66557,0.41978,0.29678,2.51738,2015,,,Europe
Iceland,Western Europe,2,7.561,0.04884,1.30232,1.40223,0.94784,0.62877,0.14145,0.4363,2.70201,2015,,,Europe
Denmark,Western Europe,3,7.527,0.03328,1.32548,1.36058,0.87464,0.64938,0.48357,0.34139,2.49204,2015,,,Europe
Norway,Western Europe,4,7.522,0.0388,1.459,1.33095,0.88521,0.66973,0.36503,0.34699,2.46531,2015,,,Europe
Canada,North America,5,7.427,0.03553,1.32629,1.32261,0.90563,0.63297,0.32957,0.45811,2.45176,2015,,,Americas
Finland,Western Europe,6,7.406,0.0314,1.29025,1.31826,0.88911,0.64169,0.41372,0.23351,2.61955,2015,,,Europe
Netherlands,Western Europe,7,7.378,0.02799,1.32944,1.28017,0.89284,0.61576,0.31814,0.4761,2.4657,2015,,,Europe
Sweden,Western Europe,8,7.364,0.03157,1.33171,1.28907,0.91087,0.6598,0.43844,0.36262,2.37119,2015,,,Europe
New Zealand,Australia and New Zealand,9,7.286,0.03371,1.25018,1.31967,0.90837,0.63938,0.42922,0.47501,2.26425,2015,,,Oceania
Australia,Australia and New Zealand,10,7.284,0.04083,1.33358,1.30923,0.93156,0.65124,0.35637,0.43562,2.26646,2015,,,Oceania
Israel,Middle East and Northern Africa,11,7.278,0.0347,1.22857,1.22393,0.91387,0.41319,0.07785,0.33172,3.08854,2015,,,Asia
Costa Rica,Latin America and Caribbean,12,7.226,0.04454,0.95578,1.23788,0.86027,0.63376,0.10583,0.25497,3.17728,2015,,,Americas
Austria,Western Europe,13,7.2,0.03751,1.33723,1.29704,0.89042,0.62433,0.18676,0.33088,2.5332,2015,,,Europe
Mexico,Latin America and Caribbean,14,7.187,0.04176,1.02054,0.91451,0.81444,0.48181,0.21312,0.14074,3.60214,2015,,,Americas
United States,North America,15,7.119,0.03839,1.39451,1.24711,0.86179,0.54604,0.1589,0.40105,2.51011,2015,,,Americas
Brazil,Latin America and Caribbean,16,6.983,0.04076,0.98124,1.23287,0.69702,0.49049,0.17521,0.14574,3.26001,2015,,,Americas
Ireland,Western Europe,18,6.94,0.03676,1.33596,1.36948,0.89533,0.61777,0.28703,0.45901,1.9757,2015,,,Europe
Belgium,Western Europe,19,6.937,0.03595,1.30782,1.28566,0.89667,0.5845,0.2254,0.2225,2.41484,2015,,,Europe
United Kingdom,Western Europe,21,6.867,0.01866,1.26637,1.28548,0.90943,0.59625,0.32067,0.51912,1.96994,2015,,,Europe
Oman,Middle East and Northern Africa,22,6.853,0.05335,1.36011,1.08182,0.76276,0.63274,0.32524,0.21542,2.47489,2015,,,Asia
Venezuela,Latin America and Caribbean,23,6.81,0.06476,1.04424,1.25596,0.72052,0.42908,0.11069,0.05841,3.19131,2015,,,Americas
Singapore,Southeastern Asia,24,6.798,0.0378,1.52186,1.02,1.02525,0.54252,0.4921,0.31105,1.88501,2015,,,Asia
Panama,Latin America and Caribbean,25,6.786,0.0491,1.06353,1.1985,0.79661,0.5421,0.0927,0.24434,2.84848,2015,,,Americas
Germany,Western Europe,26,6.75,0.01848,1.32792,1.29937,0.89186,0.61477,0.21843,0.28214,2.11569,2015,,,Europe
Chile,Latin America and Caribbean,27,6.67,0.058,1.10715,1.12447,0.85857,0.44132,0.12869,0.33363,2.67585,2015,,,Americas
France,Western Europe,29,6.575,0.03512,1.27778,1.26038,0.94579,0.55011,0.20646,0.12332,2.21126,2015,,,Europe
Argentina,Latin America and Caribbean,30,6.574,0.04612,1.05351,1.24823,0.78723,0.44974,0.08484,0.11451,2.836,2015,,,Americas
Czech Republic,Central and Eastern Europe,31,6.505,0.04168,1.17898,1.20643,0.84483,0.46364,0.02652,0.10686,2.67782,2015,,,Europe
Uruguay,Latin America and Caribbean,32,6.485,0.04539,1.06166,1.2089,0.8116,0.60362,0.24558,0.2324,2.32142,2015,,,Americas
Colombia,Latin America and Caribbean,33,6.477,0.05051,0.91861,1.24018,0.69077,0.53466,0.0512,0.18401,2.85737,2015,,,Americas
Thailand,Southeastern Asia,34,6.455,0.03557,0.9669,1.26504,0.7385,0.55664,0.03187,0.5763,2.31945,2015,,,Asia
Saudi Arabia,Middle East and Northern Africa,35,6.411,0.04633,1.39541,1.08393,0.72025,0.31048,0.32524,0.13706,2.43872,2015,,,Asia
Spain,Western Europe,36,6.329,0.03468,1.23011,1.31379,0.95562,0.45951,0.06398,0.18227,2.12367,2015,,,Europe
Taiwan,Eastern Asia,38,6.298,0.03868,1.29098,1.07617,0.8753,0.3974,0.08129,0.25376,2.32323,2015,,,Asia
Kuwait,Middle East and Northern Africa,39,6.295,0.04456,1.55422,1.16594,0.72492,0.55499,0.25609,0.16228,1.87634,2015,,,Asia
Trinidad and Tobago,Latin America and Caribbean,41,6.168,0.10895,1.21183,1.18354,0.61483,0.55884,0.0114,0.31844,2.26882,2015,,,Americas
El Salvador,Latin America and Caribbean,42,6.13,0.05618,0.76454,1.02507,0.67737,0.4035,0.11776,0.10692,3.035,2015,,,Americas
Guatemala,Latin America and Caribbean,43,6.123,0.05224,0.74553,1.04356,0.64425,0.57733,0.09472,0.27489,2.74255,2015,,,Americas
Japan,Eastern Asia,46,5.987,0.03581,1.27074,1.25712,0.99111,0.49615,0.1806,0.10705,1.68435,2015,,,Asia
Ecuador,Latin America and Caribbean,48,5.975,0.04528,0.86402,0.99903,0.79075,0.48574,0.1809,0.11541,2.53942,2015,,,Americas
Bahrain,Middle East and Northern Africa,49,5.96,0.05412,1.32376,1.21624,0.74716,0.45492,0.306,0.17362,1.73797,2015,,,Asia
Italy,Western Europe,50,5.948,0.03914,1.25114,1.19777,0.95446,0.26236,0.02901,0.22823,2.02518,2015,,,Europe
Bolivia,Latin America and Caribbean,51,5.89,0.05642,0.68133,0.97841,0.5392,0.57414,0.088,0.20536,2.82334,2015,,,Americas
Paraguay,Latin America and Caribbean,53,5.878,0.04563,0.75985,1.30477,0.66098,0.53899,0.08242,0.3424,2.18896,2015,,,Americas
Slovenia,Central and Eastern Europe,55,5.848,0.04251,1.18498,1.27385,0.87337,0.60855,0.03787,0.25328,1.61583,2015,,,Europe
Nicaragua,Latin America and Caribbean,57,5.828,0.05371,0.59325,1.14184,0.74314,0.55475,0.19317,0.27815,2.32407,2015,,,Americas
Peru,Latin America and Caribbean,58,5.824,0.04615,0.90019,0.97459,0.73017,0.41496,0.05989,0.14982,2.5945,2015,,,Americas
Poland,Central and Eastern Europe,60,5.791,0.04263,1.12555,1.27948,0.77903,0.53122,0.04212,0.16759,1.86565,2015,,,Europe
Malaysia,Southeastern Asia,61,5.77,0.0433,1.12486,1.07023,0.72394,0.53024,0.10501,0.33075,1.88541,2015,,,Asia
Croatia,Central and Eastern Europe,62,5.759,0.04394,1.08254,0.79624,0.78805,0.25883,0.0243,0.05444,2.75414,2015,,,Europe
Libya,Middle East and Northern Africa,63,5.754,0.07832,1.13145,1.11862,0.7038,0.41668,0.11023,0.18295,2.09066,2015,,,Africa
Jamaica,Latin America and Caribbean,65,5.709,0.13693,0.81038,1.15102,0.68741,0.50442,0.02299,0.2123,2.32038,2015,,,Americas
Algeria,Middle East and Northern Africa,68,5.605,0.05099,0.93929,1.07772,0.61766,0.28579,0.17383,0.07822,2.43209,2015,,,Africa
Mauritius,Sub-Saharan Africa,71,5.477,0.07197,1.00761,0.98521,0.7095,0.56066,0.07521,0.37744,1.76145,2015,,,Africa
Indonesia,Southeastern Asia,74,5.399,0.02596,0.82827,1.08708,0.63793,0.46611,0.0,0.51535,1.86399,2015,,,Asia
Vietnam,Southeastern Asia,75,5.36,0.03107,0.63216,0.91226,0.74676,0.59444,0.10441,0.1686,2.20173,2015,,,Asia
Turkey,Middle East and Northern Africa,76,5.332,0.03864,1.06098,0.94632,0.73172,0.22815,0.15746,0.12253,2.08528,2015,,,Europe
Nigeria,Sub-Saharan Africa,78,5.268,0.04192,0.65435,0.90432,0.16007,0.34334,0.0403,0.27233,2.89319,2015,,,Africa
Pakistan,Southern Asia,81,5.194,0.03726,0.59543,0.41411,0.51466,0.12102,0.10464,0.33671,3.10709,2015,,,Asia
Jordan,Middle East and Northern Africa,82,5.192,0.04524,0.90198,1.05392,0.69639,0.40661,0.14293,0.11053,1.87996,2015,,,Asia
Montenegro,Central and Eastern Europe,82,5.192,0.05235,0.97438,0.90557,0.72521,0.1826,0.14296,0.1614,2.10017,2015,,,Europe
China,Eastern Asia,84,5.14,0.02424,0.89012,0.94675,0.81658,0.51697,0.02781,0.08185,1.8604,2015,,,Asia
Zambia,Sub-Saharan Africa,85,5.129,0.06988,0.47038,0.91612,0.29924,0.48827,0.12468,0.19591,2.6343,2015,,,Africa
Romania,Central and Eastern Europe,86,5.124,0.06607,1.04345,0.88588,0.7689,0.35068,0.00649,0.13748,1.93129,2015,,,Europe
Serbia,Central and Eastern Europe,87,5.123,0.04864,0.92053,1.00964,0.74836,0.20107,0.02617,0.19231,2.025,2015,,,Europe
Portugal,Western Europe,88,5.102,0.04802,1.15991,1.13935,0.87519,0.51469,0.01078,0.13719,1.26462,2015,,,Europe
Philippines,Southeastern Asia,90,5.073,0.04934,0.70532,1.03516,0.58114,0.62545,0.12279,0.24991,1.7536,2015,,,Asia
Morocco,Middle East and Northern Africa,92,5.013,0.0342,0.73479,0.64095,0.60954,0.41691,0.08546,0.07172,2.45373,2015,,,Africa
Mozambique,Sub-Saharan Africa,94,4.971,0.07896,0.08308,1.02626,0.09131,0.34037,0.15603,0.22269,3.05137,2015,,,Africa
Albania,Central and Eastern Europe,95,4.959,0.05013,0.87867,0.80434,0.81325,0.35733,0.06413,0.14272,1.89894,2015,,,Europe
Bosnia and Herzegovina,Central and Eastern Europe,96,4.949,0.06913,0.83223,0.91916,0.79081,0.09245,0.00227,0.24808,2.06367,2015,,,Europe
Lesotho,Sub-Saharan Africa,97,4.898,0.09438,0.37545,1.04103,0.07612,0.31767,0.12504,0.16388,2.79832,2015,,,Africa
Dominican Republic,Latin America and Caribbean,98,4.885,0.07446,0.89537,1.17202,0.66825,0.57672,0.14234,0.21684,1.21305,2015,,,Americas
Mongolia,Eastern Asia,100,4.874,0.03313,0.82819,1.3006,0.60268,0.43626,0.02666,0.3323,1.34759,2015,,,Asia
Swaziland,Sub-Saharan Africa,101,4.867,0.08742,0.71206,1.07284,0.07566,0.30658,0.0306,0.18259,2.48676,2015,,,Africa
Greece,Western Europe,102,4.857,0.05062,1.15406,0.92933,0.88213,0.07699,0.01397,0.0,1.80101,2015,,,Europe
Lebanon,Middle East and Northern Africa,103,4.839,0.04337,1.02564,0.80001,0.83947,0.33916,0.04582,0.21854,1.57059,2015,,,Asia
Hungary,Central and Eastern Europe,104,4.8,0.06107,1.12094,1.20215,0.75905,0.32112,0.02758,0.128,1.24074,2015,,,Europe
Honduras,Latin America and Caribbean,105,4.788,0.05648,0.59532,0.95348,0.6951,0.40148,0.06825,0.23027,1.84408,2015,,,Americas
Tunisia,Middle East and Northern Africa,107,4.739,0.03589,0.88113,0.60429,0.73793,0.26268,0.06358,0.06431,2.12466,2015,,,Africa
Bangladesh,Southern Asia,109,4.694,0.03077,0.39753,0.43106,0.60164,0.4082,0.12569,0.21222,2.51767,2015,,,Asia
Iran,Middle East and Northern Africa,110,4.686,0.04449,1.0088,0.54447,0.69805,0.30033,0.05863,0.38086,1.6944,2015,,,Asia
Iraq,Middle East and Northern Africa,112,4.677,0.05232,0.98549,0.81889,0.60237,0.0,0.13788,0.17922,1.95335,2015,,,Asia
South Africa,Sub-Saharan Africa,113,4.642,0.04585,0.92049,1.18468,0.27688,0.33207,0.08884,0.11973,1.71956,2015,,,Africa
Ghana,Sub-Saharan Africa,114,4.633,0.04742,0.54558,0.67954,0.40132,0.42342,0.04355,0.23087,2.30919,2015,,,Africa
Zimbabwe,Sub-Saharan Africa,115,4.61,0.0429,0.271,1.03276,0.33475,0.25861,0.08079,0.18987,2.44191,2015,,,Africa
Liberia,Sub-Saharan Africa,116,4.571,0.11068,0.0712,0.78968,0.34201,0.28531,0.06232,0.24362,2.77729,2015,,,Africa
India,Southern Asia,117,4.565,0.02043,0.64499,0.38174,0.51529,0.39786,0.08492,0.26475,2.27513,2015,,,Asia
Sudan,Sub-Saharan Africa,118,4.55,0.0674,0.52107,1.01404,0.36878,0.10081,0.1466,0.19062,2.20857,2015,,,Africa
Haiti,Latin America and Caribbean,119,4.518,0.07331,0.26673,0.74302,0.38847,0.24425,0.17175,0.46187,2.24173,2015,,,Americas
Nepal,Southern Asia,121,4.514,0.03607,0.35997,0.86449,0.56874,0.38282,0.05907,0.32296,1.95637,2015,,,Asia
Ethiopia,Sub-Saharan Africa,122,4.512,0.0378,0.19073,0.60406,0.44055,0.4345,0.15048,0.24325,2.44876,2015,,,Africa
Sierra Leone,Sub-Saharan Africa,123,4.507,0.07068,0.33024,0.95571,0.0,0.4084,0.08786,0.21488,2.51009,2015,,,Africa
Mauritania,Sub-Saharan Africa,124,4.436,0.03947,0.45407,0.86908,0.35874,0.24232,0.17461,0.219,2.11773,2015,,,Africa
Kenya,Sub-Saharan Africa,125,4.419,0.04734,0.36471,0.99876,0.41435,0.42215,0.05839,0.37542,1.78555,2015,,,Africa
Djibouti,Sub-Saharan Africa,126,4.369,0.08096,0.44025,0.59207,0.36291,0.46074,0.28105,0.18093,2.05125,2015,,,Africa
Botswana,Sub-Saharan Africa,128,4.332,0.04934,0.99355,1.10464,0.04776,0.49495,0.12474,0.10461,1.46181,2015,,,Africa
Myanmar,Southeastern Asia,129,4.307,0.04351,0.27108,0.70905,0.48246,0.44017,0.19034,0.79588,1.41805,2015,,,Asia
Malawi,Sub-Saharan Africa,131,4.292,0.0613,0.01604,0.41134,0.22562,0.43054,0.06977,0.33128,2.80791,2015,,,Africa
Sri Lanka,Southern Asia,132,4.271,0.03751,0.83524,1.01905,0.70806,0.53726,0.09179,0.40828,0.67108,2015,,,Asia
Cameroon,Sub-Saharan Africa,133,4.252,0.04678,0.4225,0.88767,0.23402,0.49309,0.05786,0.20618,1.95071,2015,,,Africa
Bulgaria,Central and Eastern Europe,134,4.218,0.04828,1.01216,1.10614,0.76649,0.30587,0.00872,0.11921,0.89991,2015,,,Europe
Egypt,Middle East and Northern Africa,135,4.194,0.0326,0.8818,0.747,0.61712,0.17288,0.06324,0.11291,1.59927,2015,,,Africa
Angola,Sub-Saharan Africa,137,4.033,0.04758,0.75778,0.8604,0.16683,0.10384,0.07122,0.12344,1.94939,2015,,,Africa
Mali,Sub-Saharan Africa,138,3.995,0.05602,0.26074,1.03526,0.20583,0.38857,0.12352,0.18798,1.79293,2015,,,Africa
Comoros,Sub-Saharan Africa,140,3.956,0.04797,0.23906,0.79273,0.36315,0.22917,0.199,0.17441,1.95812,2015,,,Africa
Uganda,Sub-Saharan Africa,141,3.931,0.04317,0.21102,1.13299,0.33861,0.45727,0.07267,0.29066,1.42766,2015,,,Africa
Senegal,Sub-Saharan Africa,142,3.904,0.03608,0.36498,0.97619,0.4354,0.36772,0.10713,0.20843,1.44395,2015,,,Africa
Gabon,Sub-Saharan Africa,143,3.896,0.04547,1.06024,0.90528,0.43372,0.31914,0.11091,0.06822,0.99895,2015,,,Africa
Niger,Sub-Saharan Africa,144,3.845,0.03602,0.0694,0.77265,0.29707,0.47692,0.15639,0.19387,1.87877,2015,,,Africa
Cambodia,Southeastern Asia,145,3.819,0.05069,0.46038,0.62736,0.61114,0.66246,0.07247,0.40359,0.98195,2015,,,Asia
Tanzania,Sub-Saharan Africa,146,3.781,0.05061,0.2852,1.00268,0.38215,0.32878,0.05747,0.34377,1.38079,2015,,,Africa
Madagascar,Sub-Saharan Africa,147,3.681,0.03633,0.20824,0.66801,0.46721,0.19184,0.08124,0.21333,1.851,2015,,,Africa
Central African Republic,Sub-Saharan Africa,148,3.678,0.06112,0.0785,0.0,0.06699,0.48879,0.08289,0.23835,2.7223,2015,,,Africa
Chad,Sub-Saharan Africa,149,3.667,0.0383,0.34193,0.76062,0.1501,0.23501,0.05269,0.18386,1.94296,2015,,,Africa
Guinea,Sub-Saharan Africa,150,3.656,0.0359,0.17417,0.46475,0.24009,0.37725,0.12139,0.28657,1.99172,2015,,,Africa
Burkina Faso,Sub-Saharan Africa,152,3.587,0.04324,0.25812,0.85188,0.27125,0.39493,0.12832,0.21747,1.46494,2015,,,Africa
Afghanistan,Southern Asia,153,3.575,0.03084,0.31982,0.30285,0.30335,0.23414,0.09719,0.3651,1.9521,2015,,,Asia
Rwanda,Sub-Saharan Africa,154,3.465,0.03464,0.22208,0.7737,0.42864,0.59201,0.55191,0.22628,0.67042,2015,,,Africa
Benin,Sub-Saharan Africa,155,3.34,0.03656,0.28665,0.35386,0.3191,0.4845,0.0801,0.1826,1.63328,2015,,,Africa
Syria,Middle East and Northern Africa,156,3.006,0.05015,0.6632,0.47489,0.72193,0.15684,0.18906,0.47179,0.32858,2015,,,Asia
Burundi,Sub-Saharan Africa,157,2.905,0.08658,0.0153,0.41587,0.22396,0.1185,0.10062,0.19727,1.83302,2015,,,Africa
Togo,Sub-Saharan Africa,158,2.839,0.06727,0.20868,0.13995,0.28443,0.36453,0.10731,0.16681,1.56726,2015,,,Africa
Denmark,Western Europe,1,7.526,,1.44178,1.16374,0.79504,0.57941,0.44453,0.36171,2.73939,2016,7.46,7.592,Europe
Switzerland,Western Europe,2,7.509,,1.52733,1.14524,0.86303,0.58557,0.41203,0.28083,2.69463,2016,7.428,7.59,Europe
Iceland,Western Europe,3,7.501,,1.42666,1.18326,0.86733,0.56624,0.14975,0.47678,2.83137,2016,7.333,7.669,Europe
Norway,Western Europe,4,7.498,,1.57744,1.1269,0.79579,0.59609,0.35776,0.37895,2.66465,2016,7.421,7.575,Europe
Finland,Western Europe,5,7.413,,1.40598,1.13464,0.81091,0.57104,0.41004,0.25492,2.82596,2016,7.351,7.475,Europe
Canada,North America,6,7.404,,1.44015,1.0961,0.8276,0.5737,0.31329,0.44834,2.70485,2016,7.335,7.473,Americas
Netherlands,Western Europe,7,7.339,,1.46468,1.02912,0.81231,0.55211,0.29927,0.47416,2.70749,2016,7.284,7.394,Europe
New Zealand,Australia and New Zealand,8,7.334,,1.36066,1.17278,0.83096,0.58147,0.41904,0.49401,2.47553,2016,7.264,7.404,Oceania
Australia,Australia and New Zealand,9,7.313,,1.44443,1.10476,0.8512,0.56837,0.32331,0.47407,2.5465,2016,7.241,7.385,Oceania
Sweden,Western Europe,10,7.291,,1.45181,1.08764,0.83121,0.58218,0.40867,0.38254,2.54734,2016,7.227,7.355,Europe
Israel,Middle East and Northern Africa,11,7.267,,1.33766,0.99537,0.84917,0.36432,0.08728,0.32288,3.31029,2016,7.199,7.335,Asia
Austria,Western Europe,12,7.119,,1.45038,1.08383,0.80565,0.54355,0.21348,0.32865,2.69343,2016,7.045,7.193,Europe
United States,North America,13,7.104,,1.50796,1.04782,0.779,0.48163,0.14868,0.41077,2.72782,2016,7.02,7.188,Americas
Costa Rica,Latin America and Caribbean,14,7.087,,1.06879,1.02152,0.76146,0.55225,0.10547,0.22553,3.35168,2016,6.999,7.175,Americas
Puerto Rico,Latin America and Caribbean,15,7.039,,1.35943,1.08113,0.77758,0.46823,0.12275,0.22202,3.0076,2016,6.794,7.284,Americas
Germany,Western Europe,16,6.994,,1.44787,1.09774,0.81487,0.53466,0.28551,0.30452,2.50931,2016,6.93,7.058,Europe
Brazil,Latin America and Caribbean,17,6.952,,1.08754,1.03938,0.61415,0.40425,0.14166,0.15776,3.50733,2016,6.875,7.029,Americas
Belgium,Western Europe,18,6.929,,1.42539,1.05249,0.81959,0.51354,0.26248,0.2424,2.61355,2016,6.861,6.997,Europe
Ireland,Western Europe,19,6.907,,1.48341,1.16157,0.81455,0.54008,0.29754,0.44963,2.15988,2016,6.836,6.978,Europe
Mexico,Latin America and Caribbean,21,6.778,,1.11508,0.7146,0.71143,0.37709,0.18355,0.11735,3.55906,2016,6.68,6.876,Americas
Singapore,Southeastern Asia,22,6.739,,1.64555,0.86758,0.94719,0.4877,0.46987,0.32706,1.99375,2016,6.674,6.804,Asia
United Kingdom,Western Europe,23,6.725,,1.40283,1.08672,0.80991,0.50036,0.27399,0.50156,2.14999,2016,6.647,6.803,Europe
Chile,Latin America and Caribbean,24,6.705,,1.2167,0.90587,0.81883,0.37789,0.11451,0.31595,2.95505,2016,6.615,6.795,Americas
Panama,Latin America and Caribbean,25,6.701,,1.18306,0.98912,0.70835,0.48927,0.08423,0.2418,3.00559,2016,6.601,6.801,Americas
Argentina,Latin America and Caribbean,26,6.65,,1.15137,1.06612,0.69711,0.42284,0.07296,0.10989,3.12985,2016,6.56,6.74,Americas
Czech Republic,Central and Eastern Europe,27,6.596,,1.30915,1.00793,0.76376,0.41418,0.03986,0.09929,2.96211,2016,6.515,6.677,Europe
Uruguay,Latin America and Caribbean,29,6.545,,1.18157,1.03143,0.72183,0.54388,0.21394,0.18056,2.67139,2016,6.456,6.634,Americas
Colombia,Latin America and Caribbean,31,6.481,,1.03032,1.02169,0.59659,0.44735,0.05399,0.15626,3.17471,2016,6.384,6.578,Americas
France,Western Europe,32,6.478,,1.39488,1.00508,0.83795,0.46562,0.17808,0.1216,2.4744,2016,6.397,6.559,Europe
Thailand,Southeastern Asia,33,6.474,,1.0893,1.04477,0.64915,0.49553,0.02833,0.58696,2.5796,2016,6.396,6.552,Asia
Saudi Arabia,Middle East and Northern Africa,34,6.379,,1.48953,0.84829,0.59267,0.37904,0.30008,0.15457,2.61482,2016,6.287,6.471,Asia
Taiwan,Eastern Asia,34,6.379,,1.39729,0.92624,0.79565,0.32377,0.0663,0.25495,2.61523,2016,6.305,6.453,Asia
Spain,Western Europe,37,6.361,,1.34253,1.12945,0.87896,0.37545,0.06137,0.17665,2.39663,2016,6.288,6.434,Europe
Algeria,Middle East and Northern Africa,38,6.355,,1.05266,0.83309,0.61804,0.21006,0.16157,0.07044,3.40904,2016,6.227,6.483,Africa
Guatemala,Latin America and Caribbean,39,6.324,,0.83454,0.87119,0.54039,0.50379,0.08701,0.28808,3.19863,2016,6.213,6.435,Americas
Kuwait,Middle East and Northern Africa,41,6.239,,1.61714,0.87758,0.63569,0.43166,0.23669,0.15965,2.28085,2016,6.154,6.324,Asia
Bahrain,Middle East and Northern Africa,42,6.218,,1.44024,0.94397,0.65696,0.47375,0.25772,0.17147,2.27405,2016,6.128,6.308,Asia
Trinidad and Tobago,Latin America and Caribbean,43,6.168,,1.32572,0.98569,0.52608,0.48453,0.01241,0.31935,2.51394,2016,5.95,6.386,Americas
Venezuela,Latin America and Caribbean,44,6.084,,1.13367,1.03302,0.61904,0.19847,0.08304,0.0425,2.97468,2016,5.973,6.195,Americas
El Salvador,Latin America and Caribbean,46,6.068,,0.8737,0.80975,0.596,0.37269,0.10613,0.08877,3.22134,2016,5.967,6.169,Americas
Malaysia,Southeastern Asia,47,6.005,,1.25142,0.88025,0.62366,0.39031,0.09081,0.41474,2.35384,2016,5.921,6.089,Asia
Nicaragua,Latin America and Caribbean,48,5.992,,0.69384,0.89521,0.65213,0.46582,0.16292,0.29773,2.82428,2016,5.877,6.107,Americas
Italy,Western Europe,50,5.977,,1.35495,1.04167,0.85102,0.18827,0.02556,0.16684,2.34918,2016,5.898,6.056,Europe
Ecuador,Latin America and Caribbean,51,5.976,,0.97306,0.85974,0.68613,0.4027,0.18037,0.10074,2.77366,2016,5.88,6.072,Americas
Japan,Eastern Asia,53,5.921,,1.38007,1.06054,0.91491,0.46761,0.18985,0.10224,1.80584,2016,5.85,5.992,Asia
Poland,Central and Eastern Europe,57,5.835,,1.24585,1.04685,0.69058,0.4519,0.055,0.14443,2.20035,2016,5.749,5.921,Europe
Bolivia,Latin America and Caribbean,59,5.822,,0.79422,0.83779,0.4697,0.50961,0.07746,0.21698,2.91635,2016,5.74,5.904,Americas
Slovenia,Central and Eastern Europe,63,5.768,,1.29947,1.05613,0.79151,0.53164,0.03635,0.25738,1.79522,2016,5.683,5.853,Europe
Peru,Latin America and Caribbean,64,5.743,,0.99602,0.81255,0.62994,0.37502,0.05292,0.14527,2.73117,2016,5.647,5.839,Americas
Mauritius,Sub-Saharan Africa,66,5.648,,1.14372,0.75695,0.66189,0.46145,0.05203,0.36951,2.20223,2016,5.507,5.789,Africa
Libya,Middle East and Northern Africa,67,5.615,,1.06688,0.95076,0.52304,0.40672,0.10339,0.17087,2.39374,2016,5.406,5.824,Africa
Paraguay,Latin America and Caribbean,70,5.538,,0.89373,1.11111,0.58295,0.46235,0.07396,0.25296,2.16091,2016,5.453,5.623,Americas
Romania,Central and Eastern Europe,71,5.528,,1.1697,0.72803,0.67602,0.36712,0.00679,0.12889,2.45184,2016,5.427,5.629,Europe
Jamaica,Latin America and Caribbean,73,5.51,,0.89333,0.96372,0.59469,0.43597,0.04294,0.22245,2.35682,2016,5.315,5.705,Americas
Croatia,Central and Eastern Europe,74,5.488,,1.18649,0.60809,0.70524,0.23907,0.04002,0.18434,2.52462,2016,5.402,5.574,Europe
Somalia,Sub-Saharan Africa,76,5.44,,0.0,0.33613,0.11466,0.56778,0.3118,0.27225,3.83772,2016,5.321,5.559,Africa
Turkey,Middle East and Northern Africa,78,5.389,,1.16492,0.87717,0.64718,0.23889,0.12348,0.04707,2.29074,2016,5.295,5.483,Europe
Indonesia,Southeastern Asia,79,5.314,,0.95104,0.87625,0.49374,0.39237,0.00322,0.56521,2.03171,2016,5.237,5.391,Asia
Jordan,Middle East and Northern Africa,80,5.303,,0.99673,0.86216,0.60712,0.36023,0.13297,0.14262,2.20142,2016,5.187,5.419,Asia
Philippines,Southeastern Asia,82,5.279,,0.81217,0.87877,0.47036,0.54854,0.11757,0.21674,2.23484,2016,5.16,5.398,Asia
China,Eastern Asia,83,5.245,,1.0278,0.79381,0.73561,0.44012,0.02745,0.04959,2.17087,2016,5.199,5.291,Asia
Serbia,Central and Eastern Europe,86,5.177,,1.03437,0.81329,0.6458,0.15718,0.04339,0.20737,2.27539,2016,5.083,5.271,Europe
Bosnia and Herzegovina,Central and Eastern Europe,87,5.163,,0.93383,0.64367,0.70766,0.09511,0.0,0.29889,2.48406,2016,5.063,5.263,Europe
Montenegro,Central and Eastern Europe,88,5.161,,1.07838,0.74173,0.63533,0.15111,0.12721,0.17191,2.25531,2016,5.055,5.267,Europe
Dominican Republic,Latin America and Caribbean,89,5.155,,1.02787,0.99496,0.57669,0.52259,0.12372,0.21286,1.69626,2016,5.037,5.273,Americas
Morocco,Middle East and Northern Africa,90,5.151,,0.84058,0.38595,0.59471,0.25646,0.08404,0.04053,2.94891,2016,5.058,5.244,Africa
Hungary,Central and Eastern Europe,91,5.145,,1.24142,0.93164,0.67608,0.1977,0.04472,0.099,1.95473,2016,5.056,5.234,Europe
Pakistan,Southern Asia,92,5.132,,0.68816,0.26135,0.40306,0.14622,0.1388,0.31185,3.18286,2016,5.038,5.226,Asia
Lebanon,Middle East and Northern Africa,93,5.129,,1.12268,0.64184,0.76171,0.26228,0.03061,0.23693,2.07339,2016,5.031,5.227,Asia
Portugal,Western Europe,94,5.123,,1.27607,0.94367,0.79363,0.44727,0.01521,0.11691,1.53015,2016,5.03,5.216,Europe
Vietnam,Southeastern Asia,96,5.061,,0.74037,0.79117,0.66157,0.55954,0.11556,0.25075,1.9418,2016,4.991,5.131,Asia
Tunisia,Middle East and Northern Africa,98,5.045,,0.97724,0.43165,0.59577,0.23553,0.0817,0.03936,2.68413,2016,4.965,5.125,Africa
Greece,Western Europe,99,5.033,,1.24886,0.75473,0.80029,0.05822,0.04127,0.0,2.12944,2016,4.935,5.131,Europe
Mongolia,Eastern Asia,101,4.907,,0.98853,1.08983,0.55469,0.35972,0.03285,0.34539,1.53586,2016,4.838,4.976,Asia
Nigeria,Sub-Saharan Africa,103,4.875,,0.75216,0.64498,0.05108,0.27854,0.0305,0.23219,2.88586,2016,4.75,5.0,Africa
Honduras,Latin America and Caribbean,104,4.871,,0.69429,0.75596,0.58383,0.26755,0.06906,0.2044,2.29551,2016,4.75,4.992,Americas
Iran,Middle East and Northern Africa,105,4.813,,1.11758,0.38857,0.64232,0.22544,0.0557,0.38538,1.99817,2016,4.703,4.923,Asia
Zambia,Sub-Saharan Africa,106,4.795,,0.61202,0.6376,0.23573,0.42662,0.11479,0.17866,2.58991,2016,4.645,4.945,Africa
Nepal,Southern Asia,107,4.793,,0.44626,0.69699,0.50073,0.37012,0.07008,0.3816,2.32694,2016,4.698,4.888,Asia
Albania,Central and Eastern Europe,109,4.655,,0.9553,0.50163,0.73007,0.31866,0.05301,0.1684,1.92816,2016,4.546,4.764,Europe
Bangladesh,Southern Asia,110,4.643,,0.54177,0.24749,0.52989,0.39778,0.12583,0.19132,2.60904,2016,4.56,4.726,Asia
Sierra Leone,Sub-Saharan Africa,111,4.635,,0.36485,0.628,0.0,0.30685,0.08196,0.23897,3.01402,2016,4.505,4.765,Africa
Iraq,Middle East and Northern Africa,112,4.575,,1.07474,0.59205,0.51076,0.24856,0.13636,0.19589,1.81657,2016,4.446,4.704,Asia
Namibia,Sub-Saharan Africa,113,4.574,,0.93287,0.70362,0.34745,0.48614,0.10398,0.07795,1.92198,2016,4.374,4.774,Africa
Cameroon,Sub-Saharan Africa,114,4.513,,0.52497,0.62542,0.12698,0.42736,0.06126,0.2268,2.5198,2016,4.417,4.609,Africa
Ethiopia,Sub-Saharan Africa,115,4.508,,0.29283,0.37932,0.34578,0.36703,0.1717,0.29522,2.65614,2016,4.425,4.591,Africa
South Africa,Sub-Saharan Africa,116,4.459,,1.02416,0.96053,0.18611,0.42483,0.08415,0.13656,1.64227,2016,4.371,4.547,Africa
Sri Lanka,Southern Asia,117,4.415,,0.97318,0.84783,0.62007,0.50817,0.07964,0.46978,0.91681,2016,4.322,4.508,Asia
India,Southern Asia,118,4.404,,0.74036,0.29247,0.45091,0.40285,0.08722,0.25028,2.18032,2016,4.351,4.457,Asia
Myanmar,Southeastern Asia,119,4.395,,0.34112,0.69981,0.3988,0.42692,0.20243,0.81971,1.50655,2016,4.327,4.463,Asia
Egypt,Middle East and Northern Africa,120,4.362,,0.95395,0.49813,0.52116,0.18847,0.10393,0.12706,1.96895,2016,4.259,4.465,Africa
Kenya,Sub-Saharan Africa,122,4.356,,0.52267,0.7624,0.30147,0.40576,0.06686,0.41328,1.88326,2016,4.259,4.453,Africa
Ghana,Sub-Saharan Africa,124,4.276,,0.63107,0.49353,0.29681,0.40973,0.0326,0.21203,2.2002,2016,4.185,4.367,Africa
Senegal,Sub-Saharan Africa,128,4.219,,0.44314,0.77416,0.40457,0.31056,0.11681,0.19103,1.97861,2016,4.151,4.287,Africa
Bulgaria,Central and Eastern Europe,129,4.217,,1.11306,0.92542,0.67806,0.21219,0.00615,0.12793,1.15377,2016,4.104,4.33,Europe
Mauritania,Sub-Saharan Africa,130,4.201,,0.61391,0.84142,0.28639,0.1268,0.17955,0.22686,1.9263,2016,4.127,4.275,Africa
Zimbabwe,Sub-Saharan Africa,131,4.193,,0.35041,0.71478,0.1595,0.25429,0.08582,0.18503,2.4427,2016,4.101,4.285,Africa
Malawi,Sub-Saharan Africa,132,4.156,,0.08709,0.147,0.29364,0.4143,0.07564,0.30968,2.82859,2016,4.041,4.271,Africa
Sudan,Sub-Saharan Africa,133,4.139,,0.63069,0.81928,0.29759,0.0,0.10039,0.18077,2.10995,2016,3.928,4.35,Africa
Gabon,Sub-Saharan Africa,134,4.121,,1.15851,0.72368,0.3494,0.28098,0.09314,0.06244,1.45332,2016,4.03,4.212,Africa
Mali,Sub-Saharan Africa,135,4.073,,0.31292,0.86333,0.16347,0.27544,0.13647,0.21064,2.11087,2016,3.988,4.158,Africa
Haiti,Latin America and Caribbean,136,4.028,,0.34097,0.29561,0.27494,0.12072,0.14476,0.47958,2.37116,2016,3.893,4.163,Americas
Botswana,Sub-Saharan Africa,137,3.974,,1.09426,0.89186,0.34752,0.44089,0.10769,0.12425,0.96741,2016,3.875,4.073,Africa
Comoros,Sub-Saharan Africa,138,3.956,,0.27509,0.60323,0.29981,0.15412,0.18437,0.1827,2.25632,2016,3.86,4.052,Africa
Cambodia,Southeastern Asia,140,3.907,,0.55604,0.5375,0.42494,0.58852,0.08092,0.40339,1.31573,2016,3.798,4.016,Asia
Angola,Sub-Saharan Africa,141,3.866,,0.84731,0.66366,0.04991,0.00589,0.08434,0.12071,2.09459,2016,3.753,3.979,Africa
Niger,Sub-Saharan Africa,142,3.856,,0.1327,0.6053,0.26162,0.38041,0.17176,0.2097,2.09469,2016,3.781,3.931,Africa
Chad,Sub-Saharan Africa,144,3.763,,0.42214,0.63178,0.03824,0.12807,0.04952,0.18667,2.30637,2016,3.672,3.854,Africa
Burkina Faso,Sub-Saharan Africa,145,3.739,,0.31995,0.63054,0.21297,0.3337,0.12533,0.24353,1.87319,2016,3.647,3.831,Africa
Uganda,Sub-Saharan Africa,145,3.739,,0.34719,0.90981,0.19625,0.43653,0.06442,0.27102,1.51416,2016,3.629,3.849,Africa
Madagascar,Sub-Saharan Africa,148,3.695,,0.27954,0.46115,0.37109,0.13684,0.07506,0.2204,2.15075,2016,3.621,3.769,Africa
Tanzania,Sub-Saharan Africa,149,3.666,,0.47155,0.77623,0.357,0.3176,0.05099,0.31472,1.37769,2016,3.561,3.771,Africa
Liberia,Sub-Saharan Africa,150,3.622,,0.10706,0.50353,0.23165,0.25748,0.04852,0.24063,2.23284,2016,3.463,3.781,Africa
Guinea,Sub-Saharan Africa,151,3.607,,0.22415,0.3109,0.18829,0.30953,0.1192,0.29914,2.15604,2016,3.533,3.681,Africa
Rwanda,Sub-Saharan Africa,152,3.515,,0.32846,0.61586,0.31865,0.5432,0.50521,0.23552,0.96819,2016,3.444,3.586,Africa
Benin,Sub-Saharan Africa,153,3.484,,0.39499,0.10419,0.21028,0.39747,0.06681,0.2018,2.10812,2016,3.404,3.564,Africa
Afghanistan,Southern Asia,154,3.36,,0.38227,0.11037,0.17344,0.1643,0.07112,0.31268,2.14558,2016,3.288,3.432,Asia
Togo,Sub-Saharan Africa,155,3.303,,0.28123,0.0,0.24811,0.34678,0.11587,0.17517,2.1354,2016,3.192,3.414,Africa
Syria,Middle East and Northern Africa,156,3.069,,0.74719,0.14866,0.62994,0.06912,0.17233,0.48397,0.81789,2016,2.936,3.202,Asia
Burundi,Sub-Saharan Africa,157,2.905,,0.06831,0.23442,0.15747,0.0432,0.09419,0.2029,2.10404,2016,2.732,3.078,Africa
Norway,,1,7.53700017929077,,1.61646318435669,1.53352355957031,0.796666502952576,0.635422587394714,0.315963834524155,0.36201223731041,2.27702665328979,2017,7.47955553799868,7.59444482058287,Europe
Denmark,,2,7.52199983596802,,1.48238301277161,1.55112159252167,0.792565524578094,0.626006722450256,0.40077006816864,0.355280488729477,2.31370735168457,2017,7.46227160707116,7.58172806486487,Europe
Iceland,,3,7.50400018692017,,1.480633020401,1.6105740070343,0.833552122116089,0.627162635326385,0.153526559472084,0.475540220737457,2.32271528244019,2017,7.38596990078688,7.62203047305346,Europe
Switzerland,,4,7.49399995803833,,1.56497955322266,1.51691174507141,0.858131289482117,0.620070576667786,0.367007285356522,0.290549278259277,2.2767162322998,2017,7.42622749567032,7.56177242040634,Europe
Finland,,5,7.4689998626709,,1.44357192516327,1.5402467250824,0.80915766954422,0.617950856685638,0.38261154294014,0.24548277258873,2.4301815032959,2017,7.41045764952898,7.52754207581282,Europe
Netherlands,,6,7.3769998550415,,1.50394463539124,1.42893922328949,0.810696125030518,0.585384488105774,0.282661825418472,0.470489829778671,2.29480409622192,2017,7.32657386884093,7.42742584124207,Europe
Canada,,7,7.31599998474121,,1.47920441627502,1.48134899139404,0.83455765247345,0.611100912094116,0.287371516227722,0.435539722442627,2.18726444244385,2017,7.24759713411331,7.38440283536911,Americas
New Zealand,,8,7.31400012969971,,1.40570604801178,1.54819512367249,0.816759705543518,0.614062130451202,0.382816702127457,0.500005125999451,2.0464563369751,2017,7.24848981752992,7.3795104418695,Oceania
Sweden,,9,7.28399991989136,,1.49438726902008,1.47816216945648,0.830875158309937,0.612924098968506,0.384398728609085,0.385399252176285,2.09753799438477,2017,7.22390496239066,7.34409487739205,Europe
Australia,,10,7.28399991989136,,1.484414935112,1.51004195213318,0.84388679265976,0.601607382297516,0.301183730363846,0.477699249982834,2.06521081924438,2017,7.2113486148417,7.35665122494102,Oceania
Israel,,11,7.21299982070923,,1.37538242340088,1.37628996372223,0.83840399980545,0.405988603830338,0.0852421000599861,0.330082654953003,2.80175733566284,2017,7.14614638492465,7.27985325649381,Asia
Costa Rica,,12,7.0789999961853,,1.10970628261566,1.41640365123749,0.759509265422821,0.580131649971008,0.100106589496136,0.214613229036331,2.89863920211792,2017,6.98988832607865,7.16811166629195,Americas
Austria,,13,7.00600004196167,,1.48709726333618,1.4599449634552,0.815328419208527,0.567766189575195,0.221060365438461,0.316472321748734,2.1385064125061,2017,6.94133027181029,7.07066981211305,Europe
United States,,14,6.99300003051758,,1.54625928401947,1.41992056369781,0.77428662776947,0.505740523338318,0.135638788342476,0.392578780651093,2.2181134223938,2017,6.91134331345558,7.07465674757957,Americas
Ireland,,15,6.97700023651123,,1.53570663928986,1.55823111534119,0.80978262424469,0.573110342025757,0.29838815331459,0.42785832285881,1.77386903762817,2017,6.91064880549908,7.04335166752338,Europe
Germany,,16,6.95100021362305,,1.48792338371277,1.47252035140991,0.798950731754303,0.562511384487152,0.276731938123703,0.336269170045853,2.01576995849609,2017,6.89661885797977,7.00538156926632,Europe
Belgium,,17,6.89099979400635,,1.46378076076508,1.46231269836426,0.818091869354248,0.539770722389221,0.251343131065369,0.231503337621689,2.12421035766602,2017,6.82617883756757,6.95582075044513,Europe
United Kingdom,,19,6.71400022506714,,1.44163393974304,1.49646008014679,0.805335938930511,0.508190035820007,0.265428066253662,0.492774158716202,1.70414352416992,2017,6.64420868903399,6.78379176110029,Europe
Chile,,20,6.65199995040894,,1.25278460979462,1.28402495384216,0.819479703903198,0.376895278692245,0.0822879821062088,0.326662421226501,2.50958585739136,2017,6.56474934071302,6.73925056010485,Americas
Brazil,,22,6.63500022888184,,1.10735321044922,1.43130600452423,0.616552352905273,0.437453746795654,0.111092761158943,0.16234989464283,2.76926708221436,2017,6.5445309561491,6.72546950161457,Americas
Czech Republic,,23,6.60900020599365,,1.35268235206604,1.43388521671295,0.754444003105164,0.490946173667908,0.0368729270994663,0.0881067588925362,2.45186185836792,2017,6.5341379493475,6.68386246263981,Europe
Argentina,,24,6.59899997711182,,1.18529546260834,1.44045114517212,0.695137083530426,0.494519203901291,0.059739887714386,0.109457060694695,2.61400532722473,2017,6.50791486814618,6.69008508607745,Americas
Mexico,,25,6.57800006866455,,1.15318381786346,1.210862159729,0.709978997707367,0.412730008363724,0.132774114608765,0.120990432798862,2.83715486526489,2017,6.48485122963786,6.67114890769124,Americas
Singapore,,26,6.57200002670288,,1.69227766990662,1.35381436347961,0.949492394924164,0.549840569496155,0.46430778503418,0.345965981483459,1.21636199951172,2017,6.50727698430419,6.63672306910157,Asia
Uruguay,,28,6.4539999961853,,1.21755969524384,1.41222786903381,0.719216823577881,0.57939225435257,0.178061872720718,0.175096929073334,2.17240953445435,2017,6.36209377467632,6.54590621769428,Americas
Guatemala,,29,6.4539999961853,,0.872001945972443,1.25558519363403,0.540239989757538,0.531310617923737,0.0772232785820961,0.283488392829895,2.89389109611511,2017,6.34112601965666,6.56687397271395,Americas
Panama,,30,6.4520001411438,,1.23374843597412,1.37319254875183,0.706156134605408,0.550026834011078,0.070983923971653,0.21055693924427,2.30719995498657,2017,6.34686956614256,6.55713071614504,Americas
France,,31,6.44199991226196,,1.43092346191406,1.38777685165405,0.844465851783752,0.470222115516663,0.172502428293228,0.129762306809425,2.00595474243164,2017,6.36823202207685,6.51576780244708,Europe
Thailand,,32,6.42399978637695,,1.12786877155304,1.42579245567322,0.647239029407501,0.580200731754303,0.0316127352416515,0.572123110294342,2.03950834274292,2017,6.33888271704316,6.50911685571074,Asia
Taiwan,,33,6.42199993133545,,1.43362653255463,1.38456535339355,0.793984234333038,0.361466586589813,0.0638292357325554,0.258360475301743,2.1266074180603,2017,6.34940384075046,6.49459602192044,Asia
Spain,,34,6.40299987792969,,1.38439786434174,1.53209090232849,0.888960599899292,0.408781230449677,0.0709140971302986,0.190133571624756,1.92775774002075,2017,6.33494491055608,6.4710548453033,Europe
Colombia,,36,6.35699987411499,,1.07062232494354,1.4021829366684,0.595027923583984,0.477487415075302,0.0466687418520451,0.149014472961426,2.61606812477112,2017,6.26197969406843,6.45202005416155,Americas
Saudi Arabia,,37,6.3439998626709,,1.53062355518341,1.28667759895325,0.590148329734802,0.449750572443008,0.27343225479126,0.147616013884544,2.0654296875,2017,6.24383311331272,6.44416661202908,Asia
Trinidad and Tobago,,38,6.16800022125244,,1.36135590076447,1.3802285194397,0.519983291625977,0.518630743026733,0.0089648161083459,0.325296461582184,2.05324745178223,2017,5.95446655184031,6.38153389066458,Americas
Kuwait,,39,6.10500001907349,,1.63295245170593,1.25969874858856,0.632105708122253,0.496337592601776,0.215159550309181,0.228289797902107,1.64042520523071,2017,6.01804304927588,6.1919569888711,Asia
Bahrain,,41,6.08699989318848,,1.48841226100922,1.32311046123505,0.653133034706116,0.536746919155121,0.257042169570923,0.172668486833572,1.65614938735962,2017,5.99501071855426,6.17898906782269,Asia
Malaysia,,42,6.08400011062622,,1.29121541976929,1.28464603424072,0.618784427642822,0.402264982461929,0.0656007081270218,0.416608929634094,2.00444889068604,2017,5.98802058473229,6.17997963652015,Asia
Nicaragua,,43,6.07100009918213,,0.737299203872681,1.28721570968628,0.653095960617065,0.447551846504211,0.130687981843948,0.301674216985703,2.51393055915833,2017,5.95541659802198,6.18658360034227,Americas
Ecuador,,44,6.00799989700317,,1.00082039833069,1.28616881370544,0.685636222362518,0.4551981985569,0.140134647488594,0.150112465023994,2.29035258293152,2017,5.91015211865306,6.10584767535329,Americas
El Salvador,,45,6.00299978256226,,0.909784495830536,1.18212509155273,0.596018552780151,0.432452529668808,0.0899809598922729,0.0782579854130745,2.7145938873291,2017,5.89736444279552,6.108635122329,Americas
Poland,,46,5.97300004959106,,1.29178786277771,1.44571197032928,0.699475347995758,0.520342111587524,0.0593078061938286,0.158465966582298,1.79772281646729,2017,5.89209175795317,6.05390834122896,Europe
Italy,,48,5.96400022506714,,1.39506661891937,1.44492328166962,0.853144347667694,0.256450712680817,0.0280280914157629,0.17278964817524,1.81331205368042,2017,5.88526354417205,6.04273690596223,Europe
Japan,,51,5.92000007629395,,1.41691517829895,1.43633782863617,0.913475871086121,0.505625545978546,0.163760736584663,0.12057276815176,1.36322355270386,2017,5.84928070798516,5.99071944460273,Asia
Algeria,,53,5.87200021743774,,1.09186446666718,1.1462174654007,0.617584645748138,0.233335807919502,0.146096110343933,0.0694366469979286,2.56760382652283,2017,5.76571400120854,5.97828643366694,Africa
Romania,,57,5.82499980926514,,1.21768391132355,1.15009129047394,0.685158312320709,0.457003742456436,0.00438790069893,0.133519917726517,2.17683148384094,2017,5.73030546173453,5.91969415679574,Europe
Bolivia,,58,5.82299995422363,,0.833756566047668,1.22761905193329,0.473630249500275,0.558732926845551,0.0604777261614799,0.22556072473526,2.44327902793884,2017,5.74202300593257,5.9039769025147,Americas
Slovenia,,62,5.75799989700317,,1.3412059545517,1.45251882076263,0.790828227996826,0.572575807571411,0.0451289787888527,0.242649093270302,1.31331729888916,2017,5.67377463400364,5.84222516000271,Europe
Peru,,63,5.71500015258789,,1.03522527217865,1.21877038478851,0.630166113376617,0.450002878904343,0.0470490865409374,0.126819714903831,2.20726943016052,2017,5.61805352658033,5.81194677859545,Americas
Mauritius,,64,5.62900018692017,,1.18939554691315,1.20956099033356,0.638007462024689,0.491247326135635,0.0421815551817417,0.360933750867844,1.6975839138031,2017,5.52813818216324,5.72986219167709,Africa
Libya,,68,5.52500009536743,,1.10180306434631,1.35756433010101,0.520169019699097,0.465733230113983,0.0926102101802826,0.152073666453362,1.83501124382019,2017,5.37304638385773,5.67695380687714,Africa
Turkey,,69,5.5,,1.19827437400818,1.33775317668915,0.637605607509613,0.300740599632263,0.0996715798974037,0.0466930419206619,1.87927794456482,2017,5.40513503670692,5.59486496329308,Europe
Paraguay,,70,5.49300003051758,,0.932537317276001,1.50728487968445,0.579250693321228,0.473507791757584,0.091065913438797,0.224150657653809,1.6853334903717,2017,5.40861879140139,5.57738126963377,Americas
Philippines,,72,5.42999982833862,,0.85769921541214,1.25391757488251,0.468009054660797,0.585214674472809,0.0993318930268288,0.193513423204422,1.97260475158691,2017,5.31466460242867,5.54533505424857,Asia
Serbia,,73,5.39499998092651,,1.06931757926941,1.25818979740143,0.65078467130661,0.208715528249741,0.0409037806093693,0.220125883817673,1.94708442687988,2017,5.29843030571938,5.49156965613365,Europe
Jordan,,74,5.33599996566772,,0.991012394428253,1.23908889293671,0.604590058326721,0.418421149253845,0.11980327218771,0.172170460224152,1.79117655754089,2017,5.22358990892768,5.44841002240777,Asia
Hungary,,75,5.32399988174438,,1.2860119342804,1.34313309192657,0.687763452529907,0.175863519310951,0.0366369374096394,0.0784016624093056,1.71645927429199,2017,5.24496005430818,5.40303970918059,Europe
Jamaica,,76,5.31099987030029,,0.925579309463501,1.36821806430817,0.641022384166718,0.474307239055634,0.0552677810192108,0.233818337321281,1.61232566833496,2017,5.04060101211071,5.58139872848988,Americas
Croatia,,77,5.29300022125244,,1.22255623340607,0.96798300743103,0.701288521289825,0.255772292613983,0.0431031100451946,0.248002976179123,1.85449242591858,2017,5.19422323793173,5.39177720457315,Europe
China,,79,5.27299976348877,,1.08116579055786,1.16083741188049,0.741415500640869,0.472787708044052,0.0227942746132612,0.0288068410009146,1.76493859291077,2017,5.2267214372009,5.31927808977663,Asia
Pakistan,,80,5.26900005340576,,0.72688353061676,0.672690689563751,0.402047783136368,0.23521526157856,0.124348066747189,0.315446019172668,2.79248929023743,2017,5.17801646545529,5.35998364135623,Asia
Indonesia,,81,5.26200008392334,,0.995538592338562,1.27444469928741,0.492345720529556,0.443323463201523,0.0153171354904771,0.611704587936401,1.42947697639465,2017,5.17111156970263,5.35288859814405,Asia
Venezuela,,82,5.25,,1.12843120098114,1.43133759498596,0.617144227027893,0.153997123241425,0.0644911229610443,0.0650196298956871,1.78946375846863,2017,5.1299680544436,5.3700319455564,Americas
Montenegro,,83,5.23699998855591,,1.12112903594971,1.23837649822235,0.667464673519135,0.194989055395126,0.0881741940975189,0.197911024093628,1.72919154167175,2017,5.13295553654432,5.34104444056749,Europe
Morocco,,84,5.2350001335144,,0.878114581108093,0.774864435195923,0.59771066904068,0.408158332109451,0.0877631828188896,0.0322099551558495,2.45618939399719,2017,5.15165930226445,5.31834096476436,Africa
Dominican Republic,,86,5.23000001907349,,1.07937383651733,1.40241670608521,0.574873745441437,0.55258983373642,0.113945253193378,0.186967849731445,1.31946516036987,2017,5.11093915298581,5.34906088516116,Americas
Greece,,87,5.22700023651123,,1.28948748111725,1.23941457271576,0.810198903083801,0.0957312509417534,0.04328977689147,0.0,1.74922156333923,2017,5.12875430360436,5.3252461694181,Europe
Lebanon,,88,5.22499990463257,,1.07498753070831,1.12962424755096,0.735081076622009,0.288515985012054,0.037513829767704,0.264450758695602,1.69507384300232,2017,5.13111752077937,5.31888228848577,Asia
Portugal,,89,5.19500017166138,,1.3151752948761,1.36704301834106,0.795843541622162,0.498465299606323,0.0158694516867399,0.0951027125120163,1.10768270492554,2017,5.10495861023665,5.28504173308611,Europe
Bosnia and Herzegovina,,90,5.18200016021729,,0.982409417629242,1.0693359375,0.705186307430267,0.204403176903725,0.0,0.328867495059967,1.89217257499695,2017,5.08766463369131,5.27633568674326,Europe
Honduras,,91,5.18100023269653,,0.730573117733002,1.14394497871399,0.582569479942322,0.348079860210419,0.0733454525470734,0.236188873648643,2.06581115722656,2017,5.0604176685214,5.30158279687166,Americas
Somalia,,93,5.15100002288818,,0.0226431842893362,0.721151351928711,0.113989137113094,0.602126955986023,0.282410323619843,0.291631311178207,3.11748456954956,2017,5.0595163358748,5.24248370990157,Africa
Vietnam,,94,5.07399988174438,,0.788547575473785,1.27749133110046,0.652168989181519,0.571055591106415,0.0876332372426987,0.234968051314354,1.46231865882874,2017,5.000718998909,5.14728076457977,Asia
Nigeria,,95,5.07399988174438,,0.783756256103516,1.21577048301697,0.0569157302379608,0.394952565431595,0.0261215660721064,0.230947196483612,2.36539053916931,2017,4.93849962800741,5.20950013548136,Africa
Nepal,,99,4.96199989318848,,0.479820191860199,1.17928326129913,0.504130780696869,0.440305948257446,0.0729755461215973,0.394096165895462,1.8912410736084,2017,4.85664370700717,5.06735607936978,Asia
Mongolia,,100,4.95499992370605,,1.02723586559296,1.4930112361908,0.557783484458923,0.394143968820572,0.0329022891819477,0.338464230298996,1.11129236221313,2017,4.88832033827901,5.0216795091331,Asia
South Africa,,101,4.8289999961853,,1.05469870567322,1.38478863239288,0.187080070376396,0.479246735572815,0.0725094974040985,0.139362379908562,1.51090860366821,2017,4.72856480464339,4.92943518772721,Africa
Tunisia,,102,4.80499982833862,,1.00726580619812,0.868351459503174,0.613212049007416,0.289680689573288,0.0867231488227844,0.0496933571994305,1.89025115966797,2017,4.72563264966011,4.88436700701714,Africa
Egypt,,104,4.7350001335144,,0.989701807498932,0.997471392154694,0.520187258720398,0.282110154628754,0.114381365478039,0.128631442785263,1.70216107368469,2017,4.64486647740006,4.82513378962874,Africa
Bulgaria,,105,4.71400022506714,,1.1614590883255,1.43437945842743,0.708217680454254,0.289231717586517,0.0110515309497714,0.113177694380283,0.996139287948608,2017,4.62430574372411,4.80369470641017,Europe
Sierra Leone,,106,4.70900011062622,,0.36842092871666,0.984136044979095,0.0055647538974881,0.318697690963745,0.0710951760411263,0.293040901422501,2.66845989227295,2017,4.56735688626766,4.85064333498478,Africa
Cameroon,,107,4.69500017166138,,0.564305365085602,0.946018218994141,0.132892116904259,0.430388748645782,0.0513066314160824,0.236298456788063,2.3336455821991,2017,4.5934594860673,4.79654085725546,Africa
Iran,,108,4.69199991226196,,1.15687310695648,0.711551249027252,0.639333188533783,0.249322608113289,0.048761073499918,0.387242913246155,1.49873495101929,2017,4.58577511683106,4.79822470769286,Asia
Albania,,109,4.64400005340576,,0.996192753314972,0.803685247898102,0.731159746646881,0.381498634815216,0.0398642159998417,0.201312944293022,1.49044156074524,2017,4.53553610041738,4.75246400639415,Europe
Bangladesh,,110,4.60799980163574,,0.586682975292206,0.735131740570068,0.533241033554077,0.478356659412384,0.123717859387398,0.172255352139473,1.97873616218567,2017,4.52617794498801,4.68982165828347,Asia
Namibia,,111,4.57399988174438,,0.964434325695038,1.0984708070755,0.33861181139946,0.520303547382355,0.0931469723582268,0.0771337449550629,1.4818902015686,2017,4.37764502257109,4.77035474091768,Africa
Kenya,,112,4.55299997329712,,0.560479462146759,1.06795072555542,0.309988349676132,0.452763766050339,0.0646413192152977,0.444860309362411,1.6519021987915,2017,4.45030835598707,4.65569159060717,Africa
Mozambique,,113,4.55000019073486,,0.234305649995804,0.870701014995575,0.106654435396194,0.480791091918945,0.179436385631561,0.322228103876114,2.35565090179443,2017,4.3258980551362,4.77410232633352,Africa
Myanmar,,114,4.54500007629395,,0.367110550403595,1.12323594093323,0.397522568702698,0.514492034912109,0.188816204667091,0.838075160980225,1.11529040336609,2017,4.47526020616293,4.61473994642496,Asia
Senegal,,115,4.53499984741211,,0.479309022426605,1.17969191074371,0.409362852573395,0.377922266721725,0.115460447967052,0.183468893170357,1.78964614868164,2017,4.46839591354132,4.6016037812829,Africa
Zambia,,116,4.51399993896484,,0.636406779289246,1.00318729877472,0.257835894823074,0.461603492498398,0.0782135501503944,0.249580144882202,1.82670545578003,2017,4.38389437645674,4.64410550147295,Africa
Iraq,,117,4.49700021743774,,1.10271048545837,0.978613197803497,0.501180469989777,0.288555532693863,0.107215754687786,0.19963726401329,1.31890726089478,2017,4.37140902519226,4.62259140968323,Asia
Gabon,,118,4.46500015258789,,1.1982102394104,1.1556202173233,0.356578588485718,0.312328577041626,0.0760467872023582,0.0437853783369064,1.32291626930237,2017,4.37263853952289,4.5573617656529,Africa
Ethiopia,,119,4.46000003814697,,0.339233845472336,0.86466920375824,0.353409707546234,0.408842742443085,0.165455713868141,0.312650740146637,2.01574373245239,2017,4.377271399647,4.54272867664695,Africa
Sri Lanka,,120,4.44000005722046,,1.00985014438629,1.25997638702393,0.625130832195282,0.561213254928589,0.0736539661884308,0.490863561630249,0.419389247894287,2017,4.32655292212963,4.55344719231129,Asia
India,,122,4.31500005722046,,0.792221248149872,0.754372596740723,0.455427616834641,0.469987004995346,0.0922268852591515,0.231538489460945,1.5191171169281,2017,4.25847809694707,4.37152201749384,Asia
Mauritania,,123,4.29199981689453,,0.648457288742065,1.2720308303833,0.285349279642105,0.0960980430245399,0.136957004666328,0.201870024204254,1.65163731575012,2017,4.20683601751924,4.37716361626983,Africa
Mali,,127,4.19000005722046,,0.476180493831635,1.28147339820862,0.169365674257278,0.306613743305206,0.104970246553421,0.183354198932648,1.66819095611572,2017,4.11032940343022,4.26967071101069,Africa
Cambodia,,129,4.16800022125244,,0.601765096187592,1.00623834133148,0.429783403873444,0.633375823497772,0.0681059509515762,0.385922968387604,1.04294109344482,2017,4.05748262897134,4.27851781353354,Asia
Sudan,,130,4.13899993896484,,0.65951669216156,1.21400856971741,0.290920823812485,0.0149958552792668,0.089847519993782,0.182317450642586,1.68706583976746,2017,3.9322527128458,4.34574716508389,Africa
Ghana,,131,4.11999988555908,,0.667224824428558,0.873664736747742,0.295637726783752,0.423026293516159,0.0253363698720932,0.256923943758011,1.57786750793457,2017,4.01729256257415,4.22270720854402,Africa
Uganda,,133,4.08099985122681,,0.381430715322495,1.12982773780823,0.217632606625557,0.443185955286026,0.057069718837738,0.325766056776047,1.526362657547,2017,3.96619973540306,4.19579996705055,Africa
Burkina Faso,,134,4.03200006484985,,0.3502277135849,1.04328000545502,0.215844258666039,0.324367851018906,0.120328105986118,0.250864684581757,1.72721290588379,2017,3.93994106531143,4.12405906438828,Africa
Niger,,135,4.02799987792969,,0.161925330758095,0.993025004863739,0.26850500702858,0.36365869641304,0.138572946190834,0.228673845529556,1.87398338317871,2017,3.94405293613672,4.11194681972265,Africa
Malawi,,136,3.97000002861023,,0.233442038297653,0.512568831443787,0.315089583396912,0.466914653778076,0.0727116540074348,0.287170469760895,2.08178615570068,2017,3.86252123981714,4.07747881740332,Africa
Chad,,137,3.93600010871887,,0.438012987375259,0.953855872154236,0.0411347150802612,0.16234202682972,0.0535818822681904,0.216113850474358,2.07123804092407,2017,3.83728869348764,4.0347115239501,Africa
Zimbabwe,,138,3.875,,0.375846534967422,1.08309590816498,0.196763753890991,0.336384207010269,0.0953753814101219,0.189143493771553,1.59797024726868,2017,3.77130035728216,3.97869964271784,Africa
Lesotho,,139,3.80800008773804,,0.521021246910095,1.19009518623352,0.0,0.390661299228668,0.119094640016556,0.157497271895409,1.42983531951904,2017,3.5716561999917,4.04434397548437,Africa
Angola,,140,3.79500007629395,,0.858428180217743,1.10441195964813,0.0498686656355858,0.0,0.0697203353047371,0.097926490008831,1.61448240280151,2017,3.63835821717978,3.95164193540812,Africa
Afghanistan,,141,3.79399991035461,,0.401477217674255,0.581543326377869,0.180746778845787,0.106179520487785,0.0611578300595284,0.311870932579041,2.15080118179321,2017,3.71433840543032,3.87366141527891,Asia
Botswana,,142,3.76600003242493,,1.12209415435791,1.22155499458313,0.341755509376526,0.505196332931519,0.0985831990838051,0.0993484482169151,0.3779137134552,2017,3.65787739858031,3.87412266626954,Africa
Benin,,143,3.65700006484985,,0.431085407733917,0.435299843549728,0.209930211305618,0.425962775945663,0.0609290152788162,0.207948461174965,1.88563096523285,2017,3.56821657836437,3.74578355133533,Africa
Madagascar,,144,3.64400005340576,,0.305808693170547,0.913020372390747,0.375223308801651,0.189196765422821,0.0672319754958153,0.208732530474663,1.58461260795593,2017,3.57368100091815,3.71431910589337,Africa
Haiti,,145,3.6029999256134,,0.368610262870789,0.640449821949005,0.277321130037308,0.0303698573261499,0.0998721495270729,0.489203780889511,1.69716763496399,2017,3.47128505349159,3.73471479773521,Americas
Liberia,,148,3.53299999237061,,0.119041793048382,0.872117936611176,0.229918196797371,0.332881182432175,0.0389482490718365,0.26654988527298,1.67328596115112,2017,3.41224372386932,3.65375626087189,Africa
Guinea,,149,3.50699996948242,,0.244549930095673,0.791244685649872,0.194129139184952,0.348587512969971,0.110937617719173,0.264815092086792,1.55231189727783,2017,3.4295718100667,3.58442812889814,Africa
Togo,,150,3.49499988555908,,0.305444717407227,0.431882530450821,0.247105568647385,0.38042613863945,0.0956650152802467,0.196896150708199,1.83722925186157,2017,3.39596165940166,3.59403811171651,Africa
Rwanda,,151,3.47099995613098,,0.368745893239975,0.945707023143768,0.326424807310104,0.581843852996826,0.455220013856888,0.252756029367447,0.540061235427856,2017,3.39896967872977,3.54303023353219,Africa
Syria,,152,3.46199989318848,,0.777153134346008,0.396102607250214,0.50053334236145,0.0815394446253777,0.151347130537033,0.493663728237152,1.06157350540161,2017,3.26033122956753,3.66366855680943,Asia
Tanzania,,153,3.34899997711182,,0.511135876178741,1.04198980331421,0.364509284496307,0.390017777681351,0.0660351067781448,0.354256361722946,0.621130466461182,2017,3.23657019883394,3.46142975538969,Africa
Burundi,,154,2.90499997138977,,0.091622568666935,0.629793584346771,0.151610791683197,0.0599007532000542,0.0841479450464249,0.204435184597969,1.68302416801453,2017,2.73530960977077,3.07469033300877,Africa
Central African Republic,,155,2.69300007820129,,0.0,0.0,0.0187726859003305,0.270842045545578,0.0565650761127472,0.280876487493515,2.06600475311279,2017,2.52111588716507,2.86488426923752,Africa
Finland,,1,7.632,,1.305,1.592,0.874,0.681,0.393,0.202,,2018,,,Europe
Norway,,2,7.594,,1.456,1.582,0.861,0.686,0.34,0.286,,2018,,,Europe
Denmark,,3,7.555,,1.351,1.59,0.868,0.683,0.408,0.284,,2018,,,Europe
Iceland,,4,7.495,,1.343,1.644,0.914,0.677,0.138,0.353,,2018,,,Europe
Switzerland,,5,7.487,,1.42,1.549,0.927,0.66,0.357,0.256,,2018,,,Europe
Netherlands,,6,7.441,,1.361,1.488,0.878,0.638,0.295,0.333,,2018,,,Europe
Canada,,7,7.328,,1.33,1.532,0.896,0.653,0.291,0.321,,2018,,,Americas
New Zealand,,8,7.324,,1.268,1.601,0.876,0.669,0.389,0.365,,2018,,,Oceania
Sweden,,9,7.314,,1.355,1.501,0.913,0.659,0.383,0.285,,2018,,,Europe
Australia,,10,7.272,,1.34,1.573,0.91,0.647,0.302,0.361,,2018,,,Oceania
United Kingdom,,11,7.19,,1.244,1.433,0.888,0.464,0.082,0.262,,2018,,,Europe
Austria,,12,7.139,,1.341,1.504,0.891,0.617,0.224,0.242,,2018,,,Europe
Costa Rica,,13,7.072,,1.01,1.459,0.817,0.632,0.101,0.143,,2018,,,Americas
Ireland,,14,6.977,,1.448,1.583,0.876,0.614,0.306,0.307,,2018,,,Europe
Germany,,15,6.965,,1.34,1.474,0.861,0.586,0.28,0.273,,2018,,,Europe
Belgium,,16,6.927,,1.324,1.483,0.894,0.583,0.24,0.188,,2018,,,Europe
United States,,18,6.886,,1.398,1.471,0.819,0.547,0.133,0.291,,2018,,,Americas
Israel,,19,6.814,,1.301,1.559,0.883,0.533,0.272,0.354,,2018,,,Asia
Czech Republic,,21,6.711,,1.233,1.489,0.854,0.543,0.034,0.064,,2018,,,Europe
France,,23,6.489,,1.293,1.466,0.908,0.52,0.176,0.098,,2018,,,Europe
Mexico,,24,6.488,,1.038,1.252,0.761,0.479,0.095,0.069,,2018,,,Americas
Chile,,25,6.476,,1.131,1.331,0.808,0.431,0.061,0.197,,2018,,,Americas
Taiwan,,26,6.441,,1.365,1.436,0.857,0.418,0.078,0.151,,2018,,,Asia
Panama,,27,6.43,,1.112,1.438,0.759,0.597,0.063,0.125,,2018,,,Americas
Brazil,,28,6.419,,0.986,1.474,0.675,0.493,0.088,0.11,,2018,,,Americas
Argentina,,29,6.388,,1.073,1.468,0.744,0.57,0.054,0.062,,2018,,,Americas
Guatemala,,30,6.382,,0.781,1.268,0.608,0.604,0.071,0.179,,2018,,,Americas
Uruguay,,31,6.379,,1.093,1.459,0.771,0.625,0.155,0.13,,2018,,,Americas
Saudi Arabia,,33,6.371,,1.379,1.331,0.633,0.509,0.127,0.098,,2018,,,Asia
Singapore,,34,6.343,,1.529,1.451,1.008,0.631,0.457,0.261,,2018,,,Asia
Malaysia,,35,6.322,,1.161,1.258,0.669,0.356,0.059,0.311,,2018,,,Asia
Spain,,36,6.31,,1.251,1.538,0.965,0.449,0.074,0.142,,2018,,,Europe
Colombia,,37,6.26,,0.96,1.439,0.635,0.531,0.039,0.099,,2018,,,Americas
Trinidad and Tobago,,38,6.192,,1.223,1.492,0.564,0.575,0.019,0.171,,2018,,,Americas
El Salvador,,40,6.167,,0.806,1.231,0.639,0.461,0.082,0.065,,2018,,,Americas
Nicaragua,,41,6.141,,0.668,1.319,0.7,0.527,0.128,0.208,,2018,,,Americas
Poland,,42,6.123,,1.176,1.448,0.781,0.546,0.064,0.108,,2018,,,Europe
Bahrain,,43,6.105,,1.338,1.366,0.698,0.594,0.123,0.243,,2018,,,Asia
Kuwait,,45,6.083,,1.474,1.301,0.675,0.554,0.106,0.167,,2018,,,Asia
Thailand,,46,6.072,,1.016,1.417,0.707,0.637,0.029,0.364,,2018,,,Asia
Italy,,47,6.0,,1.264,1.501,0.946,0.281,0.028,0.137,,2018,,,Europe
Ecuador,,48,5.973,,0.889,1.33,0.736,0.556,0.12,0.114,,2018,,,Americas
Slovenia,,51,5.948,,1.219,1.506,0.856,0.633,0.051,0.16,,2018,,,Europe
Romania,,52,5.945,,1.116,1.219,0.726,0.528,0.001,0.088,,2018,,,Europe
Japan,,54,5.915,,1.294,1.462,0.988,0.553,0.15,0.079,,2018,,,Asia
Mauritius,,55,5.891,,1.09,1.387,0.684,0.584,0.05,0.245,,2018,,,Africa
Jamaica,,56,5.89,,0.819,1.493,0.693,0.575,0.031,0.096,,2018,,,Americas
Bolivia,,62,5.752,,0.751,1.223,0.508,0.606,0.054,0.141,,2018,,,Americas
Paraguay,,64,5.681,,0.835,1.522,0.615,0.541,0.074,0.162,,2018,,,Americas
Peru,,65,5.663,,0.934,1.249,0.674,0.53,0.034,0.092,,2018,,,Americas
Hungary,,69,5.62,,1.171,1.401,0.732,0.259,0.022,0.061,,2018,,,Europe
Libya,,70,5.566,,0.985,1.35,0.553,0.496,0.148,0.116,,2018,,,Africa
Philippines,,71,5.524,,0.775,1.312,0.513,0.643,0.105,0.12,,2018,,,Asia
Honduras,,72,5.504,,0.62,1.205,0.622,0.459,0.074,0.197,,2018,,,Americas
Turkey,,74,5.483,,1.148,1.38,0.686,0.324,0.109,0.106,,2018,,,Europe
Pakistan,,75,5.472,,0.652,0.81,0.424,0.334,0.113,0.216,,2018,,,Asia
Portugal,,77,5.41,,1.188,1.429,0.884,0.562,0.017,0.055,,2018,,,Europe
Serbia,,78,5.398,,0.975,1.369,0.685,0.288,0.043,0.134,,2018,,,Europe
Greece,,79,5.358,,1.154,1.202,0.879,0.131,0.044,0.0,,2018,,,Europe
Lebanon,,80,5.358,,0.965,1.179,0.785,0.503,0.136,0.214,,2018,,,Asia
Montenegro,,81,5.347,,1.017,1.279,0.729,0.259,0.081,0.111,,2018,,,Europe
Croatia,,82,5.321,,1.115,1.161,0.737,0.38,0.039,0.12,,2018,,,Europe
Dominican Republic,,83,5.302,,0.982,1.441,0.614,0.578,0.106,0.12,,2018,,,Americas
Algeria,,84,5.295,,0.979,1.154,0.687,0.077,0.135,0.055,,2018,,,Africa
Morocco,,85,5.254,,0.779,0.797,0.669,0.46,0.074,0.026,,2018,,,Africa
China,,86,5.246,,0.989,1.142,0.799,0.597,0.103,0.029,,2018,,,Asia
Jordan,,90,5.161,,0.822,1.265,0.645,0.468,0.134,0.13,,2018,,,Asia
Nigeria,,91,5.155,,0.689,1.172,0.048,0.462,0.032,0.201,,2018,,,Africa
Bosnia and Herzegovina,,93,5.129,,0.915,1.078,0.758,0.28,0.0,0.216,,2018,,,Europe
Mongolia,,94,5.125,,0.914,1.517,0.575,0.395,0.032,0.253,,2018,,,Asia
Vietnam,,95,5.103,,0.715,1.365,0.702,0.618,0.079,0.177,,2018,,,Asia
Indonesia,,96,5.093,,0.899,1.215,0.522,0.538,0.018,0.484,,2018,,,Asia
Somalia,,98,4.982,,0.0,0.712,0.115,0.674,0.282,0.238,,2018,,,Africa
Cameroon,,99,4.975,,0.535,0.891,0.182,0.454,0.043,0.183,,2018,,,Africa
Bulgaria,,100,4.933,,1.054,1.515,0.712,0.359,0.009,0.064,,2018,,,Europe
Nepal,,101,4.88,,0.425,1.228,0.539,0.526,0.078,0.302,,2018,,,Asia
Venezuela,,102,4.806,,0.996,1.469,0.657,0.133,0.052,0.056,,2018,,,Americas
Gabon,,103,4.758,,1.036,1.164,0.404,0.356,0.052,0.032,,2018,,,Africa
South Africa,,105,4.724,,0.94,1.41,0.33,0.516,0.056,0.103,,2018,,,Africa
Iran,,106,4.707,,1.059,0.771,0.691,0.459,0.129,0.282,,2018,,,Asia
Ghana,,108,4.657,,0.592,0.896,0.337,0.499,0.029,0.212,,2018,,,Africa
Senegal,,109,4.631,,0.429,1.117,0.433,0.406,0.082,0.138,,2018,,,Africa
Tunisia,,111,4.592,,0.9,0.906,0.69,0.271,0.063,0.04,,2018,,,Africa
Albania,,112,4.586,,0.916,0.817,0.79,0.419,0.032,0.149,,2018,,,Europe
Sierra Leone,,113,4.571,,0.256,0.813,0.0,0.355,0.053,0.238,,2018,,,Africa
Bangladesh,,115,4.5,,0.532,0.85,0.579,0.58,0.144,0.153,,2018,,,Asia
Sri Lanka,,116,4.471,,0.918,1.314,0.672,0.585,0.05,0.307,,2018,,,Asia
Iraq,,117,4.456,,1.01,0.971,0.536,0.304,0.095,0.148,,2018,,,Asia
Mali,,118,4.447,,0.37,1.233,0.152,0.367,0.056,0.139,,2018,,,Africa
Namibia,,119,4.441,,0.874,1.281,0.365,0.519,0.064,0.051,,2018,,,Africa
Cambodia,,120,4.433,,0.549,1.088,0.457,0.696,0.065,0.256,,2018,,,Asia
Burkina Faso,,121,4.424,,0.314,1.097,0.254,0.312,0.128,0.175,,2018,,,Africa
Egypt,,122,4.419,,0.885,1.025,0.553,0.312,0.107,0.092,,2018,,,Africa
Mozambique,,123,4.417,,0.198,0.902,0.173,0.531,0.158,0.206,,2018,,,Africa
Kenya,,124,4.41,,0.493,1.048,0.454,0.504,0.055,0.352,,2018,,,Africa
Zambia,,125,4.377,,0.562,1.047,0.295,0.503,0.082,0.221,,2018,,,Africa
Mauritania,,126,4.356,,0.557,1.245,0.292,0.129,0.093,0.134,,2018,,,Africa
Ethiopia,,127,4.35,,0.308,0.95,0.391,0.452,0.146,0.22,,2018,,,Africa
Myanmar,,130,4.308,,0.682,1.174,0.429,0.58,0.178,0.598,,2018,,,Asia
Chad,,131,4.301,,0.358,0.907,0.053,0.189,0.06,0.181,,2018,,,Africa
India,,133,4.19,,0.721,0.747,0.485,0.539,0.093,0.172,,2018,,,Asia
Niger,,134,4.166,,0.131,0.867,0.221,0.39,0.099,0.175,,2018,,,Africa
Uganda,,135,4.161,,0.322,1.09,0.237,0.45,0.061,0.259,,2018,,,Africa
Benin,,136,4.141,,0.378,0.372,0.24,0.44,0.067,0.163,,2018,,,Africa
Sudan,,137,4.139,,0.605,1.24,0.312,0.016,0.082,0.134,,2018,,,Africa
Togo,,139,3.999,,0.259,0.474,0.253,0.434,0.101,0.158,,2018,,,Africa
Guinea,,140,3.964,,0.344,0.792,0.211,0.394,0.094,0.185,,2018,,,Africa
Lesotho,,141,3.808,,0.472,1.215,0.079,0.423,0.112,0.116,,2018,,,Africa
Angola,,142,3.795,,0.73,1.125,0.269,0.0,0.061,0.079,,2018,,,Africa
Madagascar,,143,3.774,,0.262,0.908,0.402,0.221,0.049,0.155,,2018,,,Africa
Zimbabwe,,144,3.692,,0.357,1.094,0.248,0.406,0.099,0.132,,2018,,,Africa
Afghanistan,,145,3.632,,0.332,0.537,0.255,0.085,0.036,0.191,,2018,,,Asia
Botswana,,146,3.59,,1.017,1.174,0.417,0.557,0.092,0.042,,2018,,,Africa
Malawi,,147,3.587,,0.186,0.541,0.306,0.531,0.08,0.21,,2018,,,Africa
Haiti,,148,3.582,,0.315,0.714,0.289,0.025,0.104,0.392,,2018,,,Americas
Liberia,,149,3.495,,0.076,0.858,0.267,0.419,0.03,0.206,,2018,,,Africa
Syria,,150,3.462,,0.689,0.382,0.539,0.088,0.144,0.376,,2018,,,Asia
Rwanda,,151,3.408,,0.332,0.896,0.4,0.636,0.444,0.2,,2018,,,Africa
Tanzania,,153,3.303,,0.455,0.991,0.381,0.481,0.097,0.27,,2018,,,Africa
Central African Republic,,155,3.083,,0.024,0.0,0.01,0.305,0.038,0.218,,2018,,,Africa
Burundi,,156,2.905,,0.091,0.627,0.145,0.065,0.076,0.149,,2018,,,Africa
Finland,,1,7.769,,1.34,1.587,0.986,0.596,0.393,0.153,,2019,,,Europe
Denmark,,2,7.6,,1.383,1.573,0.996,0.592,0.41,0.252,,2019,,,Europe
Norway,,3,7.554,,1.488,1.582,1.028,0.603,0.341,0.271,,2019,,,Europe
Iceland,,4,7.494,,1.38,1.624,1.026,0.591,0.118,0.354,,2019,,,Europe
Netherlands,,5,7.488,,1.396,1.522,0.999,0.557,0.298,0.322,,2019,,,Europe
Switzerland,,6,7.48,,1.452,1.526,1.052,0.572,0.343,0.263,,2019,,,Europe
Sweden,,7,7.343,,1.387,1.487,1.009,0.574,0.373,0.267,,2019,,,Europe
New Zealand,,8,7.307,,1.303,1.557,1.026,0.585,0.38,0.33,,2019,,,Oceania
Canada,,9,7.278,,1.365,1.505,1.039,0.584,0.308,0.285,,2019,,,Americas
Austria,,10,7.246,,1.376,1.475,1.016,0.532,0.226,0.244,,2019,,,Europe
Australia,,11,7.228,,1.372,1.548,1.036,0.557,0.29,0.332,,2019,,,Oceania
Costa Rica,,12,7.167,,1.034,1.441,0.963,0.558,0.093,0.144,,2019,,,Americas
Israel,,13,7.139,,1.276,1.455,1.029,0.371,0.082,0.261,,2019,,,Asia
United Kingdom,,15,7.054,,1.333,1.538,0.996,0.45,0.278,0.348,,2019,,,Europe
Ireland,,16,7.021,,1.499,1.553,0.999,0.516,0.31,0.298,,2019,,,Europe
Germany,,17,6.985,,1.373,1.454,0.987,0.495,0.265,0.261,,2019,,,Europe
Belgium,,18,6.923,,1.356,1.504,0.986,0.473,0.21,0.16,,2019,,,Europe
United States,,19,6.892,,1.433,1.457,0.874,0.454,0.128,0.28,,2019,,,Americas
Czech Republic,,20,6.852,,1.269,1.487,0.92,0.457,0.036,0.046,,2019,,,Europe
Mexico,,23,6.595,,1.07,1.323,0.861,0.433,0.073,0.074,,2019,,,Americas
France,,24,6.592,,1.324,1.472,1.045,0.436,0.183,0.111,,2019,,,Europe
Taiwan,,25,6.446,,1.368,1.43,0.914,0.351,0.097,0.242,,2019,,,Asia
Chile,,26,6.444,,1.159,1.369,0.92,0.357,0.056,0.187,,2019,,,Americas
Guatemala,,27,6.436,,0.8,1.269,0.746,0.535,0.078,0.175,,2019,,,Americas
Saudi Arabia,,28,6.375,,1.403,1.357,0.795,0.439,0.132,0.08,,2019,,,Asia
Spain,,30,6.354,,1.286,1.484,1.062,0.362,0.079,0.153,,2019,,,Europe
Panama,,31,6.321,,1.149,1.442,0.91,0.516,0.054,0.109,,2019,,,Americas
Brazil,,32,6.3,,1.004,1.439,0.802,0.39,0.086,0.099,,2019,,,Americas
Uruguay,,33,6.293,,1.124,1.465,0.891,0.523,0.15,0.127,,2019,,,Americas
Singapore,,34,6.262,,1.572,1.463,1.141,0.556,0.453,0.271,,2019,,,Asia
El Salvador,,35,6.253,,0.794,1.242,0.789,0.43,0.074,0.093,,2019,,,Americas
Italy,,36,6.223,,1.294,1.488,1.039,0.231,0.03,0.158,,2019,,,Europe
Bahrain,,37,6.199,,1.362,1.368,0.871,0.536,0.11,0.255,,2019,,,Asia
Trinidad and Tobago,,39,6.192,,1.231,1.477,0.713,0.489,0.016,0.185,,2019,,,Americas
Poland,,40,6.182,,1.206,1.438,0.884,0.483,0.05,0.117,,2019,,,Europe
Colombia,,43,6.125,,0.985,1.41,0.841,0.47,0.034,0.099,,2019,,,Americas
Slovenia,,44,6.118,,1.258,1.523,0.953,0.564,0.057,0.144,,2019,,,Europe
Nicaragua,,45,6.105,,0.694,1.325,0.835,0.435,0.127,0.2,,2019,,,Americas
Argentina,,47,6.086,,1.092,1.432,0.881,0.471,0.05,0.066,,2019,,,Americas
Romania,,48,6.07,,1.162,1.232,0.825,0.462,0.005,0.083,,2019,,,Europe
Ecuador,,50,6.028,,0.912,1.312,0.868,0.498,0.087,0.126,,2019,,,Americas
Kuwait,,51,6.021,,1.5,1.319,0.808,0.493,0.097,0.142,,2019,,,Asia
Thailand,,52,6.008,,1.05,1.409,0.828,0.557,0.028,0.359,,2019,,,Asia
Jamaica,,56,5.89,,0.831,1.478,0.831,0.49,0.028,0.107,,2019,,,Americas
Mauritius,,57,5.888,,1.12,1.402,0.798,0.498,0.06,0.215,,2019,,,Africa
Japan,,58,5.886,,1.327,1.419,1.088,0.445,0.14,0.069,,2019,,,Asia
Honduras,,59,5.86,,0.642,1.236,0.828,0.507,0.078,0.246,,2019,,,Americas
Bolivia,,61,5.779,,0.776,1.209,0.706,0.511,0.064,0.137,,2019,,,Americas
Hungary,,62,5.758,,1.201,1.41,0.828,0.199,0.02,0.081,,2019,,,Europe
Paraguay,,63,5.743,,0.855,1.475,0.777,0.514,0.08,0.184,,2019,,,Americas
Peru,,65,5.697,,0.96,1.274,0.854,0.455,0.027,0.083,,2019,,,Americas
Portugal,,66,5.693,,1.221,1.431,0.999,0.508,0.025,0.047,,2019,,,Europe
Pakistan,,67,5.653,,0.677,0.886,0.535,0.313,0.098,0.22,,2019,,,Asia
Philippines,,69,5.631,,0.807,1.293,0.657,0.558,0.107,0.117,,2019,,,Asia
Serbia,,70,5.603,,1.004,1.383,0.854,0.282,0.039,0.137,,2019,,,Europe
Libya,,72,5.525,,1.044,1.303,0.673,0.416,0.152,0.133,,2019,,,Africa
Montenegro,,73,5.523,,1.051,1.361,0.871,0.197,0.08,0.142,,2019,,,Europe
Croatia,,75,5.432,,1.155,1.266,0.914,0.296,0.022,0.119,,2019,,,Europe
Dominican Republic,,77,5.425,,1.015,1.401,0.779,0.497,0.101,0.113,,2019,,,Americas
Bosnia and Herzegovina,,78,5.386,,0.945,1.212,0.845,0.212,0.006,0.263,,2019,,,Europe
Turkey,,79,5.373,,1.183,1.36,0.808,0.195,0.106,0.083,,2019,,,Europe
Malaysia,,80,5.339,,1.221,1.171,0.828,0.508,0.024,0.26,,2019,,,Asia
Greece,,82,5.287,,1.181,1.156,0.999,0.067,0.034,0.0,,2019,,,Europe
Mongolia,,83,5.285,,0.948,1.531,0.667,0.317,0.038,0.235,,2019,,,Asia
Nigeria,,85,5.265,,0.696,1.111,0.245,0.426,0.041,0.215,,2019,,,Africa
Algeria,,88,5.211,,1.002,1.16,0.785,0.086,0.114,0.073,,2019,,,Africa
Morocco,,89,5.208,,0.801,0.782,0.782,0.418,0.076,0.036,,2019,,,Africa
Lebanon,,91,5.197,,0.987,1.224,0.815,0.216,0.027,0.166,,2019,,,Asia
Indonesia,,92,5.192,,0.931,1.203,0.66,0.491,0.028,0.498,,2019,,,Asia
China,,93,5.191,,1.029,1.125,0.893,0.521,0.1,0.058,,2019,,,Asia
Vietnam,,94,5.175,,0.741,1.346,0.851,0.543,0.073,0.147,,2019,,,Asia
Cameroon,,96,5.044,,0.549,0.91,0.331,0.381,0.037,0.187,,2019,,,Africa
Bulgaria,,97,5.011,,1.092,1.513,0.815,0.311,0.004,0.081,,2019,,,Europe
Ghana,,98,4.996,,0.611,0.868,0.486,0.381,0.04,0.245,,2019,,,Africa
Nepal,,100,4.913,,0.446,1.226,0.677,0.439,0.089,0.285,,2019,,,Asia
Jordan,,101,4.906,,0.837,1.225,0.815,0.383,0.13,0.11,,2019,,,Asia
Benin,,102,4.883,,0.393,0.437,0.397,0.349,0.082,0.175,,2019,,,Africa
Gabon,,104,4.799,,1.057,1.183,0.571,0.295,0.055,0.043,,2019,,,Africa
South Africa,,106,4.722,,0.96,1.351,0.469,0.389,0.055,0.13,,2019,,,Africa
Albania,,107,4.719,,0.947,0.848,0.874,0.383,0.027,0.178,,2019,,,Europe
Venezuela,,108,4.707,,0.96,1.427,0.805,0.154,0.047,0.064,,2019,,,Americas
Cambodia,,109,4.7,,0.574,1.122,0.637,0.609,0.062,0.232,,2019,,,Asia
Senegal,,111,4.681,,0.45,1.134,0.571,0.292,0.072,0.153,,2019,,,Africa
Somalia,,112,4.668,,0.0,0.698,0.268,0.559,0.27,0.243,,2019,,,Africa
Namibia,,113,4.639,,0.879,1.313,0.477,0.401,0.056,0.07,,2019,,,Africa
Niger,,114,4.628,,0.138,0.774,0.366,0.318,0.102,0.188,,2019,,,Africa
Burkina Faso,,115,4.587,,0.331,1.056,0.38,0.255,0.113,0.177,,2019,,,Africa
Iran,,117,4.548,,1.1,0.842,0.785,0.305,0.125,0.27,,2019,,,Asia
Guinea,,118,4.534,,0.38,0.829,0.375,0.332,0.086,0.207,,2019,,,Africa
Gambia,,120,4.516,,0.308,0.939,0.428,0.382,0.167,0.269,,2019,,,Africa
Kenya,,121,4.509,,0.512,0.983,0.581,0.431,0.053,0.372,,2019,,,Africa
Mauritania,,122,4.49,,0.57,1.167,0.489,0.066,0.088,0.106,,2019,,,Africa
Mozambique,,123,4.466,,0.204,0.986,0.39,0.494,0.138,0.197,,2019,,,Africa
Tunisia,,124,4.461,,0.921,1.0,0.815,0.167,0.055,0.059,,2019,,,Africa
Bangladesh,,125,4.456,,0.562,0.928,0.723,0.527,0.143,0.166,,2019,,,Asia
Iraq,,126,4.437,,1.043,0.98,0.574,0.241,0.089,0.148,,2019,,,Asia
Mali,,128,4.39,,0.385,1.105,0.308,0.327,0.052,0.153,,2019,,,Africa
Sierra Leone,,129,4.374,,0.268,0.841,0.242,0.309,0.045,0.252,,2019,,,Africa
Sri Lanka,,130,4.366,,0.949,1.265,0.831,0.47,0.047,0.244,,2019,,,Asia
Myanmar,,131,4.36,,0.71,1.181,0.555,0.525,0.172,0.566,,2019,,,Asia
Chad,,132,4.35,,0.35,0.766,0.192,0.174,0.078,0.198,,2019,,,Africa
Ethiopia,,134,4.286,,0.336,1.033,0.532,0.344,0.1,0.209,,2019,,,Africa
Swaziland,,135,4.212,,0.811,1.149,0.0,0.313,0.135,0.074,,2019,,,Africa
Uganda,,136,4.189,,0.332,1.069,0.443,0.356,0.06,0.252,,2019,,,Africa
Egypt,,137,4.166,,0.913,1.039,0.644,0.241,0.067,0.076,,2019,,,Africa
Zambia,,138,4.107,,0.578,1.058,0.426,0.431,0.087,0.247,,2019,,,Africa
Togo,,139,4.085,,0.275,0.572,0.41,0.293,0.085,0.177,,2019,,,Africa
India,,140,4.015,,0.755,0.765,0.588,0.498,0.085,0.2,,2019,,,Asia
Liberia,,141,3.975,,0.073,0.922,0.443,0.37,0.033,0.233,,2019,,,Africa
Comoros,,142,3.973,,0.274,0.757,0.505,0.142,0.078,0.275,,2019,,,Africa
Madagascar,,143,3.933,,0.274,0.916,0.555,0.148,0.041,0.169,,2019,,,Africa
Lesotho,,144,3.802,,0.489,1.169,0.168,0.359,0.093,0.107,,2019,,,Africa
Burundi,,145,3.775,,0.046,0.447,0.38,0.22,0.18,0.176,,2019,,,Africa
Zimbabwe,,146,3.663,,0.366,1.114,0.433,0.361,0.089,0.151,,2019,,,Africa
Haiti,,147,3.597,,0.323,0.688,0.449,0.026,0.11,0.419,,2019,,,Americas
Botswana,,148,3.488,,1.041,1.145,0.538,0.455,0.1,0.025,,2019,,,Africa
Syria,,149,3.462,,0.619,0.378,0.44,0.013,0.141,0.331,,2019,,,Asia
Malawi,,150,3.41,,0.191,0.56,0.495,0.443,0.089,0.218,,2019,,,Africa
Rwanda,,152,3.334,,0.359,0.711,0.614,0.555,0.411,0.217,,2019,,,Africa
Tanzania,,153,3.231,,0.476,0.885,0.499,0.417,0.147,0.276,,2019,,,Africa
Afghanistan,,154,3.203,,0.35,0.517,0.361,0.0,0.025,0.158,,2019,,,Asia
Central African Republic,,155,3.083,,0.026,0.0,0.105,0.225,0.035,0.235,,2019,,,Africa
